reply,id,parent_id,date,author,title,score,replies,text
0,16ir9c7,null,2023-09-14 19:20:13 UTC,choganoga,Using AI in schools,7499,316,
1,k0ldcuc,t3_16ir9c7,2023-09-14 19:20:30 UTC,AutoModerator,Using AI in schools,1,0,"
**Welcome to r/TikTokCringe!**

 This is a message directed to all newcomers to make you aware that r/TikTokCringe evolved long ago from only cringe-worthy content to TikToks of all kinds! If you‚Äôre looking to find only the cringe-worthy TikToks on this subreddit (which are still regularly posted) we recommend sorting by flair which you can do [here](https://www.reddit.com/r/TikTokCringe/comments/galuit/click_here_to_sort_by_flair_a_guide_to_using/) (Currently supported by desktop and reddit mobile). 

 See someone asking how this post is cringe because they didn't read this comment? Show them [this!](https://www.reddit.com/r/TikTokCringe/comments/fyrgzy/for_those_confused_by_the_name_of_this_subreddit/)
    
 Be sure to read the rules of this subreddit before posting or commenting. Thanks!

 **Don't forget to join our [Discord server](https://discord.gg/cringekingdom)!**
 
 ##**[CLICK HERE TO DOWNLOAD THIS VIDEO](https://rapidsave.com/info?url=https://www.reddit.com/r/TikTokCringe/comments/16ir9c7/using_ai_in_schools/)**

*I am a bot, and this action was performed automatically. Please [contact the moderators of this subreddit](/message/compose/?to=/r/TikTokCringe) if you have any questions or concerns.*"
2,k0lw19n,t3_16ir9c7,2023-09-14 21:10:27 UTC,OurHonor1870,Using AI in schools,1711,14,"Our education system is based around memorizing things because access to information used to be a barrier. 

Now we have nearly unlimited access to information and the challenge is knowing what‚Äôs reliable. 

We need to invest a lot more time in teaching that (as well as what she‚Äôs mentioning)."
3,k0lswnj,t3_16ir9c7,2023-09-14 20:51:43 UTC,___Binary___,Using AI in schools,703,7,"First off, all good points. Adapt. That‚Äôs the key because like the calculator it‚Äôs not going away.

Lastly, I legit laughed at the subtitles and the thought of ‚ÄúChad GPG‚Äù."
4,k0mhapn,t3_16ir9c7,2023-09-14 23:31:38 UTC,doubtwithout1,Using AI in schools,307,2,Getting ready for all the 20 y/o cryptocurrency enthusiasts to pull up to the comments with ‚ÄúActhually getting a robot to write my college papers makes me a highly intelligent sigma. Work sharter not harder ü§ì‚Äù
5,k0mhuty,t3_16ir9c7,2023-09-14 23:35:36 UTC,yeahyeahiknow2,Using AI in schools,59,1,"If you assign a paper that takes a lot of research or is a major portion of the grade, require a defense of that paper. I had to defend nearly all of my papers in college just 10 years ago, and you learn that material real good if you want to pass lol"
6,k0lu61l,t3_16ir9c7,2023-09-14 20:59:09 UTC,SpadeSage,Using AI in schools,232,3,"I think what I like most about this specific suggestion too is that it promotes critical thinking which is what I think is something we don't focus on enough in school. A lot of people are already seeing AI as the solution to problems rather than a tool to help find the solution, teaching in ways that help promote AI as a way to further evaluate and think about a topic instead of having AI know the topic for you is a great approach."
7,k0m3f18,t3_16ir9c7,2023-09-14 21:56:07 UTC,ttfnwe,Using AI in schools,176,4,She is incredibly well-spoken and charismatic.
8,k0mfv6d,t3_16ir9c7,2023-09-14 23:21:26 UTC,ultraplusstretch,Using AI in schools,41,1,"Very solid reasoning, like the calculator a.i isn't going to go away and due to the nature of self learning neural networks no form of chat gpt detection will work for long especially when there are people actively working to defeat those countermeasures, adaption not prevention is the only way forward."
9,k0n1q7t,t3_16ir9c7,2023-09-15 01:51:43 UTC,Mr1worldin,Using AI in schools,31,2,I actually had to fail a student cause when he used ChatGPT to write his essay he also accidentally copy pasted the prompt and the part where the bot tells you it‚Äôs going to answer. I had previously suspected he was using it but was still going to pass him cause you can always just say you didn‚Äôt notice and there was no official policy and detection system in place yet but I couldn‚Äôt ignore something that blatant.
10,k0ndfy4,t3_16ir9c7,2023-09-15 03:16:26 UTC,ThreeBelugas,Using AI in schools,17,5,"Calculator only gave you the final result. Demonstrating if someone knows the math is easy when you have to write out the steps to get to the final result. In a similar sense, you can require students to turn in a rough draft of the final essay. You can also require a certain number of citations and a list of citations which proves the student did the research or reading for the essay."
11,k0m1rq8,t3_16ir9c7,2023-09-14 21:45:46 UTC,pegLegNinja1,Using AI in schools,53,8,Use pencil and paper in class.
12,k0nzbgg,t3_16ir9c7,2023-09-15 06:59:53 UTC,HowRememberAll,Using AI in schools,6,0,Or you could just have them write the essays in class like the blue books in college
13,k0m5n5x,t3_16ir9c7,2023-09-14 22:10:30 UTC,Crystal-Clear-Waters,Using AI in schools,22,1,Put essay questions on tests. Why is this so difficult?
14,k0lri7e,t3_16ir9c7,2023-09-14 20:43:27 UTC,Jemeloo,Using AI in schools,21,0,If it‚Äôs going to be a permanent tool for humanity it‚Äôs smart to integrate it and adapt.
15,k0osio2,t3_16ir9c7,2023-09-15 12:29:28 UTC,DroIvarg,Using AI in schools,3,0,"Wife becoming a teacher in sweden.

Next test will be with paper and penn apparently."
16,k0owhqs,t3_16ir9c7,2023-09-15 12:59:29 UTC,wophi,Using AI in schools,3,0,"Good paper, now defend it."
17,k0pf8mi,t3_16ir9c7,2023-09-15 15:02:57 UTC,BewbAddict,Using AI in schools,3,0,"She's talking about critical analysis/ evaluation which is taught primarily at 3rd level / universities. 

The lack of this skillset is the reason so many dullard boomers link and like the most ridiculous  fake shit on Facebook. It would help with the battle against fake news and general bs that's out there."
18,k0ms01u,t3_16ir9c7,2023-09-15 00:47:06 UTC,Jonnyred25,Using AI in schools,9,3,"Her example adds value, but I don't think those exercises replace proof of being capable of something. Its not like calculators removed learning addition or multiplication. Is she saying a student should never need to know how to write an essay?

Also idk about her ""calculators meant math got harder""."
19,k0movbg,t3_16ir9c7,2023-09-15 00:26:20 UTC,Fuck_Flying_Insects,Using AI in schools,9,0,I think people are thinking about this the wrong way. People will be using AI daily along side their normal work. It‚Äôs almost in a way preparing you for your future career.
20,k0nrz9k,t3_16ir9c7,2023-09-15 05:33:58 UTC,Veressk,Using AI in schools,3,0,Reviewing an essay isn't the same as writing it
21,k0na371,t3_16ir9c7,2023-09-15 02:51:00 UTC,DommeFanFun,Using AI in schools,2,0,CHAD G P G
22,k0pu3h4,t3_16ir9c7,2023-09-15 16:32:34 UTC,ButterMyBiscuit,Using AI in schools,2,0,"Wow, they put someone on TV who's not a fearmongering fucking idiot. I'm actually shocked she was given stage time."
23,k0qzk1u,t3_16ir9c7,2023-09-15 20:42:49 UTC,SlanderousMoose,Using AI in schools,2,0,"Yes, she's great.

If essays are being written by AI just stop doing long at home essays and focus on exams and practical applications or something."
24,k0mslgu,t3_16ir9c7,2023-09-15 00:50:55 UTC,Krsty-Lnn,Using AI in schools,5,1,Just make the students hand write their own papers. Problem solved
25,k0n6shu,t3_16ir9c7,2023-09-15 02:26:49 UTC,,Using AI in schools,4,0,"The human race. The more information we get, the dumber we become."
26,k0nlfly,t3_16ir9c7,2023-09-15 04:26:22 UTC,Rixmadore,Using AI in schools,4,1,I love Sinead Bovell. Easily one of my favourite tech journalists
27,k0ljipu,t3_16ir9c7,2023-09-14 19:56:46 UTC,Whollyemu,Using AI in schools,6,1,So true. Without the calculator we could never have calculus. I mean that's where it gets the name.
28,k0mv9x1,t3_16ir9c7,2023-09-15 01:08:53 UTC,nick_knack,Using AI in schools,2,0,I guess since most high school essays are absolute dog brain garbage full of made up shit anyway chat gpt might actually be able to adequately pass for such an essay. If the kid is a really good prompter.
29,k0nj7iz,t3_16ir9c7,2023-09-15 04:05:26 UTC,dakinekine,Using AI in schools,2,0,"I like this take. AI is only going to improve from here so we need to think about the future and how to prepare these kids for it. 
Imagine 20 years from now.  50 years?"
30,k0ovvzo,t3_16ir9c7,2023-09-15 12:55:00 UTC,ItsTtreasonThen,Using AI in schools,2,0,"I have a coworker who keeps chatgpt up all the time so when she needs to send an email she just feeds in the information and lets it generate for her.

Maybe I‚Äôm old fashioned but I don‚Äôt understand how people feel like that‚Äôs a ‚Äúgood thing‚Äù when you just don‚Äôt develop a skill as simple as email writing. I don‚Äôt even think it‚Äôs faster, or simpler. You still have to input all the info you would for an email in, then you copy it into the email body. And better check for the weird errors AI often have too"
31,k0peocc,t3_16ir9c7,2023-09-15 14:59:27 UTC,TitusPullo4,Using AI in schools,2,0,Finally an intelligent approach being voiced
32,k0mz9fl,t3_16ir9c7,2023-09-15 01:35:25 UTC,JohnYCanuckEsq,Using AI in schools,0,0,"Fucking brilliant.

Use AI to develop critical thinking skills."
33,k0mk2ub,t3_16ir9c7,2023-09-14 23:51:39 UTC,LeftNut69,Using AI in schools,2,0,She makes great points
34,k0mpzxy,t3_16ir9c7,2023-09-15 00:34:10 UTC,QuantumPolarBear1337,Using AI in schools,2,0,"Now THAT'S how you think outside the box ü§òüèº. That's a perfect response, instead of the usual fear based ""OMG technology is going to screw over X"" (not Twitter, sad that I have to actually clarify this)."
35,k0nrcw9,t3_16ir9c7,2023-09-15 05:27:07 UTC,Efficient_Star_1336,Using AI in schools,1,0,"> Chad G P G

That guy is great. Always helping me write my papers."
36,k0n74ho,t3_16ir9c7,2023-09-15 02:29:16 UTC,Cognitive_Spoon,Using AI in schools,2,0,"As an English teacher, I'm on the exact same page. 

AI is democratizing rhetoric in a very similar way that the graphing calculator democratized more complex math classes. 

Her solution is excellent, and is a huge part of education discourse right now."
37,k0mag83,t3_16ir9c7,2023-09-14 22:43:08 UTC,PlusInstruction1988,Using AI in schools,1,0,"Fascinating I‚Äôm 36, born in 88. Let‚Äôs see where we go from here"
38,k0mu8lg,t3_16ir9c7,2023-09-15 01:01:50 UTC,,Using AI in schools,1,1,"AI detection actually penalizes very good writers.  I don't look at a shitty paper and go Ah ah, AI.  Look at an extraordinarily composed paper and go ah ah.  This becomes problematic when you have an extraordinary writer.  I'm hating thinking how that student will respond going forward after they've been falsely accused."
39,k0n06b5,t3_16ir9c7,2023-09-15 01:41:25 UTC,damp-dude,Using AI in schools,1,0,"When she said to bring into school what they‚Äôre doing at home.. thought she was suggesting finally the end of homework! But nope, just raising the bar on homework instead. Does that really help students? And is it fair to always ask teachers to no-life teaching by spending their free time on nights and weekends grading essays, etc?"
40,k0nqr24,t3_16ir9c7,2023-09-15 05:20:36 UTC,ClearlyPopcornSucks,Using AI in schools,1,0,What‚Äôs cringe a about that? She‚Äôs right
41,k0osf0l,t3_16ir9c7,2023-09-15 12:28:41 UTC,my_eep3,Using AI in schools,1,0,And this is cringe because?
42,k0pi1iy,t3_16ir9c7,2023-09-15 15:20:15 UTC,kingbigv,Using AI in schools,1,0,As someone who's been using AI to make work easier - LOVE this approach
43,k0nicl3,t3_16ir9c7,2023-09-15 03:57:39 UTC,Calpernia09,Using AI in schools,-3,1,"She makes some sense but it shouldn't be forced. 

I do not wish to allow certain AIs in my home and no class is going to force my kids to use it. 

Stop with the forcing things"
44,k0mxzv8,t3_16ir9c7,2023-09-15 01:27:12 UTC,trnsprnt,Using AI in schools,0,0,What's cringe about this?
45,k0nh2x7,t3_16ir9c7,2023-09-15 03:46:29 UTC,theqofcourse,Using AI in schools,0,1,"Why is this ""cringe""?"
46,k0mgv8c,t3_16ir9c7,2023-09-14 23:28:33 UTC,EyeAreAwesome,Using AI in schools,-1,0,"Maybe, I don't know, make school a thing people want to do and enjoy, just a thought"
47,k0mkfj1,t3_16ir9c7,2023-09-14 23:54:13 UTC,SargeRedVsBlue,Using AI in schools,0,0,Wow that‚Äôs smart! Nice!
48,k0mz4k2,t3_16ir9c7,2023-09-15 01:34:31 UTC,catfan9499,Using AI in schools,0,0,Raised in a critical thinking household I like this idea of teaching kids with AI but not assigning the basic paper
49,k0n8iep,t3_16ir9c7,2023-09-15 02:39:19 UTC,Packaged_Fish_Boxing,Using AI in schools,0,0,What‚Äôs the cringe
50,k0nusuk,t3_16ir9c7,2023-09-15 06:05:39 UTC,FillSufficient,Using AI in schools,0,0,"I don‚Äôt understand, how‚Äôs that cringe? Lady seems very well spoken and has a point."
51,k0mfiyl,t3_16ir9c7,2023-09-14 23:19:01 UTC,,Using AI in schools,-1,2,Is going back to typewriters a crazy idea?
52,k0ml8ty,t3_16ir9c7,2023-09-15 00:00:13 UTC,Gestapo00,Using AI in schools,-3,0,"Im still waiting to see where knowing how ""mitochondria is the powerhouse of the cell"" is going to help me pay my mortgage and not learning the importance of building a credit and maintaining it wasnt in any specific classroom subject , weird"
53,k0n2n5k,t3_16ir9c7,2023-09-15 01:57:40 UTC,sawayamarx,Using AI in schools,-1,1,"my professor said ‚Äúif ai can write your essay, it shouldn‚Äôt be a prompt‚Äù and he‚Äôs so right. raise the standard and push students further"
54,k0nctwi,t3_16ir9c7,2023-09-15 03:11:33 UTC,WetBread8339,Using AI in schools,0,1,"These are good points, for people who cheat *and* dont know the material, not for people that cheat and know the material

Gonna be honest, I have used ChatGPT on essays, and because of the school I go to, teachers already do some of this stuff. A lot of times the reason I use AI is not because I dont know how to do it, its because I‚Äôm bored of writing these stupid essays that are all in the same format and always ‚Äúwhy this‚Äù and ‚Äúexplain this‚Äù like, let me write a fantasy story, then I‚Äôll take your class fucking serious. (Excuse the little rant) So when I come to school and they try to test me on what I wrote, I‚Äôm still able to pass, so doing these things doesn‚Äôt eliminate cheating, it eliminates people that dont know what they are talking about from cheating. If two students wrote a paper using AI, one of them still knows the material and one of them doesnt, one will fail and the other wont. Both still cheated."
55,k0nj7fh,t3_16ir9c7,2023-09-15 04:05:25 UTC,FabianVG,Using AI in schools,0,0,This is one of the most intelligent things I've heard in a long time.
56,k0nju6e,t3_16ir9c7,2023-09-15 04:11:20 UTC,shrineless,Using AI in schools,0,0,What a boss!
57,k0nsxza,t3_16ir9c7,2023-09-15 05:44:42 UTC,Luke_Lafreniere,Using AI in schools,0,0,Beautifully said
58,k0rhzzi,t3_16ir9c7,2023-09-15 22:44:49 UTC,theboblit,Using AI in schools,0,0,Schools in America adopting change instead of yelling to do it their outdated ways? That‚Äôll happen.
59,k0ms5ks,t3_16ir9c7,2023-09-15 00:48:04 UTC,oracleofaliquippa,Using AI in schools,-2,0,Id do whatever she asked me to do‚Ä¶ i never had a teacher that looked like that!   Gorgeous!
60,k0lrwhp,t3_16ir9c7,2023-09-14 20:45:48 UTC,,Using AI in schools,-14,1,[deleted]
61,k0nbyib,t3_16ir9c7,2023-09-15 03:04:49 UTC,GodOfThunder101,Using AI in schools,1,0,"You know who gets left behind? Students who are already struggling with the current material. Now they have to learn how to use ai to solve new problems. 

The modern world is getting more complex for the average person. Eventually we‚Äôll reach a point where there would be nothing for an average person to do in the economy."
62,k0nh94k,t3_16ir9c7,2023-09-15 03:48:00 UTC,,Using AI in schools,1,1,[removed]
63,k0nhb97,t3_16ir9c7,2023-09-15 03:48:30 UTC,Waglebaba,Using AI in schools,1,0,Can someone please tell me what is the tool being used at the end?
64,k0nvnat,t3_16ir9c7,2023-09-15 06:15:37 UTC,UncleWillie77,Using AI in schools,1,0,Dope & forward thinking
65,k0nvt2h,t3_16ir9c7,2023-09-15 06:17:27 UTC,imusingthisforstuff,Using AI in schools,1,0,"She makes a good point, I think"
66,k0nw54q,t3_16ir9c7,2023-09-15 06:21:24 UTC,,Using AI in schools,1,0,"Just going to put this here.

https://techcrunch.com/2023/02/16/most-sites-claiming-to-catch-ai-written-text-fail-spectacularly/

Ran quite a few AI generated texts from prompts through the program and got 51% unsure if it was written by AI."
67,k0nxp07,t3_16ir9c7,2023-09-15 06:39:59 UTC,RemoteName3273,Using AI in schools,1,0,Based
68,k0nz4iz,t3_16ir9c7,2023-09-15 06:57:30 UTC,,Using AI in schools,1,1,[removed]
69,k0o0jbj,t3_16ir9c7,2023-09-15 07:14:55 UTC,Quiet-Confection-509,Using AI in schools,1,0,This woman is on to something!
70,k0o1us6,t3_16ir9c7,2023-09-15 07:31:45 UTC,hanks_panky_emporium,Using AI in schools,1,1,"Or, hear me out, do the school work at school. In classrooms. Wild idea I know.   


If it's so bad that every student has to be assumed to be cheating, just.. Just do the testing and essays and paperwork in school. Stop giving out weird long and pointless homework.   


When I was in highschool the varying teachers didn't coordinate at all, so some nights we'd have an impossible amount of homework to do. Which often led to very few of us actually doing most of the work.   


Imagine you're home from school around 4pm, and you now have 2 hours of algebra homework and 2 hours of english homework, and 1 hour of history homework, and 3 hours of chemistry homework. You have to use a bulky outdated textbook for each and if you have any issue you can't get ahold of your teacher for help.   


The amount of homework was also just silly. I get that the US's system is memorization and not actual learning, but even then memorization can stall if there's so much work to do you, as a child, just don't do it."
71,k0o22ec,t3_16ir9c7,2023-09-15 07:34:30 UTC,lostthering,Using AI in schools,1,0,"Yeah, but then the teacher has to be smarter."
72,k0o27q4,t3_16ir9c7,2023-09-15 07:36:22 UTC,gunt_hunter14,Using AI in schools,1,0,Too bad the wealthiest country on earth would rather turn kids into skeletons overseas than invest in any education whatsoever
73,k0o2udx,t3_16ir9c7,2023-09-15 07:44:40 UTC,CJLogix,Using AI in schools,1,0,Stop issuing homework would be a good way to fight AI I think.
74,k0o41qh,t3_16ir9c7,2023-09-15 08:00:51 UTC,K1ngMoon,Using AI in schools,1,0,"Good luck with that, now we have kids who can't do basic addition or subtraction without calculators. You still need to teach the fundamentals first. There needs to be a basic mastery of skills before you allows tools to do it for you. If kids have no idea how to write an essay, no reason to let AI do it for them. After they have proven they can write a fairly good essay, move forward with this idea. Do not let them skip a foundational block of learning to write a paper."
75,k0o4w0h,t3_16ir9c7,2023-09-15 08:12:03 UTC,,Using AI in schools,1,0,"You write the damn essay during school time in the classroom, too hard?"
76,k0o52po,t3_16ir9c7,2023-09-15 08:14:37 UTC,Tjayhc24,Using AI in schools,1,0,Wow. That was so informative and professional and‚Ä¶ hopeful? about an aspect of AI‚Äôs future. Color me impressed!
77,k0o5dry,t3_16ir9c7,2023-09-15 08:18:43 UTC,CavemanViking,Using AI in schools,1,0,Why does everything feel so dystopian now
78,k0o64g3,t3_16ir9c7,2023-09-15 08:28:27 UTC,DaFeMaiden,Using AI in schools,1,0,What‚Äôs cool is my college requires professors to have an AI policy in their syllabus. All my engineering classes encourage using it while my language classes forbid it
79,k0o8co2,t3_16ir9c7,2023-09-15 08:58:05 UTC,monopixel,Using AI in schools,1,0,Good shit.
80,k0o9dme,t3_16ir9c7,2023-09-15 09:11:49 UTC,,Using AI in schools,1,0,"My colleagues and I have been saying this for awhile now. I see AI no differently than any other technological innovation. It would be completely insane not to use R or Excel for data analysis now so why should we look at something like chatgpt any differently? It's a powerful tool and like any other powerful tool there are moral and immoral ways to use it. I use AI in my professional life all the time now. It makes me a better researcher and provides genuinely useful feedback on things that I write.

I encourage the students I work with the use it in a moral way."
81,k0obys1,t3_16ir9c7,2023-09-15 09:45:57 UTC,DicknosePrickGoblin,Using AI in schools,1,0,"The way the other reacts as if she was sharing this awesome idea, ridiculous."
82,k0oeois,t3_16ir9c7,2023-09-15 10:19:08 UTC,Prestigious-Syrup836,Using AI in schools,1,0,"What it means are also:
Parents aren't monitoring device use/homework
That students can expect to have a LOT of time in class where they're asked to  write that essay in class, on paper."
83,k0of4gc,t3_16ir9c7,2023-09-15 10:24:09 UTC,Mammoth-Dot-9002,Using AI in schools,1,0,Dude the gasp is so fucking hilarious to me hahahah. Like wtf it couldn‚Äôt be more obvious. Put them in test conditions or assume they‚Äôre using it and teach them how to use it well
84,k0ofk87,t3_16ir9c7,2023-09-15 10:29:15 UTC,Ordinary_Grimlock,Using AI in schools,1,0,"The insane part about all of this is that I work at a university and the professors are going nuts about people cheating on essays. Faculty who are PhDs have been sharing with colleagues the best AI to use and some of them even said they wished they had this tool while doing dissertation, as it would have made composing much easier."
85,k0ofw97,t3_16ir9c7,2023-09-15 10:33:05 UTC,jackjackandmore,Using AI in schools,1,0,"It is sad but every time I see a group of women debating I‚Äôm sure they are all right wing drones

This was nice and refreshing I really like her take on it and if we try to do good we can use AI to improve lives - not just profit margins."
86,k0ohsu0,t3_16ir9c7,2023-09-15 10:53:48 UTC,EGarrett,Using AI in schools,1,0,"You just have the kids write their essays in class. Longer projects are more difficult, they may need to show their work alongside the finished product, but I don't know if that will be reliable long term since ChatGPT can probably generate notes also."
87,k0ok1i3,t3_16ir9c7,2023-09-15 11:16:32 UTC,cecilia036,Using AI in schools,1,0,"Well the application is not necessarily the best method the idea that we need to change how we think and learn because of AI is true. We need to accept that it is going to be a major part of our kids lives and anticipate ways in which they may use it and teach kids how to use it in the most effective way. Additionally, teach kids to ensure the accuracy of the AI and think about it critically. 

I work in a stats heavy field and for years software has been available that take almost all of the math and the difficult primary research out of our hands. But it is still my job to review and critically understand and interpret the information produced by the software. Because in the end the product I produce is still mine no matter how much software or AI I use to produce it."
88,k0okcrn,t3_16ir9c7,2023-09-15 11:19:34 UTC,,Using AI in schools,1,0,What happened with just going to a class and writing whatever behind a desk while the professor is watching you? I don't get it.
89,k0ol4si,t3_16ir9c7,2023-09-15 11:26:52 UTC,Takuya_senpai,Using AI in schools,1,0,This is the same situation with music and entertainment. AI is a tool and shouldn't be something we fear
90,k0oljce,t3_16ir9c7,2023-09-15 11:30:36 UTC,Lilthotdawg,Using AI in schools,1,0,"Yes finally! Everytime this issue can up I kept thinking, why are we still ‚Äúlearning‚Äù by writing papers? We quite literally are in a whole different age (internet age) and our education system has NOT caught up."
91,k0omxgn,t3_16ir9c7,2023-09-15 11:43:01 UTC,WilsonsVengence,Using AI in schools,1,0,Ah yes we will have teachers solve the Turing test
92,k0opnmi,t3_16ir9c7,2023-09-15 12:06:27 UTC,KantanaBrigantei,Using AI in schools,1,0,"That way, nobody can learn how to form their own thoughts or learn how to express those thoughts in written form.  

Instead, we can show kids how to let a robot think for them.  A robot programmed by a for-profit company. 

Yeah, that seems like a great idea /s"
93,k0or7ri,t3_16ir9c7,2023-09-15 12:19:14 UTC,Acroze,Using AI in schools,1,0,"ChatGPT can be a valuable tool for schools in several ways. Firstly, it can provide personalized assistance to students, offering explanations, clarifications, and additional practice on various subjects. This tailored support can help struggling students catch up, and challenge high-achievers to excel further.

Moreover, ChatGPT can assist teachers in creating and refining educational materials. It can generate custom worksheets, essay prompts, and even suggest creative lesson plans. This saves teachers time and allows them to focus on other critical aspects of education.

Additionally, ChatGPT can be used for language learning and improvement. It can engage students in interactive language exercises, correct grammar and vocabulary usage, and facilitate conversations in a chosen language.

Furthermore, it can foster inclusivity by providing support to students with diverse learning needs. For instance, it can offer alternative explanations, formats, or resources for students with varying learning styles or accessibility requirements.

Lastly, ChatGPT can facilitate distance learning. It can serve as a virtual tutor, offering guidance and support to students studying remotely, ensuring they have access to educational resources and assistance even outside of traditional classroom settings.

Overall, ChatGPT's adaptability, scalability, and personalized assistance make it a valuable asset for schools, enhancing the learning experience for both students and teachers."
94,k0oz69v,t3_16ir9c7,2023-09-15 13:18:48 UTC,Kaberdog,Using AI in schools,1,0,Not teaching kids on how to use technology makes as much sense as banning books.
95,k0p0m93,t3_16ir9c7,2023-09-15 13:28:49 UTC,Known_Listen_1775,Using AI in schools,1,0,"‚ÄúMath got harder after calculators‚Äù‚Ä¶ my guy, has she heard of slide rules?"
96,k0p1q4l,t3_16ir9c7,2023-09-15 13:36:30 UTC,AnonymousGuy9494,Using AI in schools,1,0,This definitely doesn't belong on this sub.
97,k0p2uiv,t3_16ir9c7,2023-09-15 13:44:02 UTC,jTiKey,Using AI in schools,1,0,"Oh wow, a smart human being."
98,k0p3lq5,t3_16ir9c7,2023-09-15 13:49:10 UTC,throwaway624203,Using AI in schools,1,0,"I hate people calling chat gpt a ""language calculator"". It's not. 4+4 will always be 8, whether you put it into a calculator or figure it out on your own, but if I have to write an essay on the future of harmful microplastics, there are an infinite amount of ""answers""."
99,k0p8vhc,t3_16ir9c7,2023-09-15 14:23:32 UTC,HYPsin176,Using AI in schools,1,0,"Or just write the essay in class like what we do in south africa lol
problem solved"
100,k0p8zxb,t3_16ir9c7,2023-09-15 14:24:19 UTC,Aliebaba99,Using AI in schools,1,0,She speaks the wisdom words
101,k0p9511,t3_16ir9c7,2023-09-15 14:25:11 UTC,Jodelfreak,Using AI in schools,1,0,"What is the cringe in this? I found this well funded and all right. 

You don't want a AI create the specification or software in an airplane and later get a ""upsy! sorry that it dropped out of the sky, not my fault! was the AI!""

AI is a fact and we have to find ways how to effectively use it rather the just hay or nay it."
102,k0pa4js,t3_16ir9c7,2023-09-15 14:31:25 UTC,bighead3701,Using AI in schools,1,0,We really really really need to start paying these people what they deserve.
103,k0pahaz,t3_16ir9c7,2023-09-15 14:33:37 UTC,buyinggf1000gp,Using AI in schools,1,0,"I teach programming and a lot of students just use chatGPT to do their assignments. 

This makes me a little sad and worried because they are not learning anything, just asking a machine to provide for them, and they will not progress if they don't learn how to do it by themselves, and there is only so much chatGPT can do for you.

When faced with real problems and projects you need a human, chatGPT can't do 100% of your job for you, and even if it could, what would be the point of hiring you then?"
104,k0paozg,t3_16ir9c7,2023-09-15 14:34:58 UTC,HullStreetBlues,Using AI in schools,1,0,"This isn‚Äôt cringe, it‚Äôs spot on analysis and a solid idea to explore"
105,k0papcj,t3_16ir9c7,2023-09-15 14:35:01 UTC,gamingkitty1,Using AI in schools,1,0,"She is correct, why are you posting this video here?"
106,k0pbg5t,t3_16ir9c7,2023-09-15 14:39:40 UTC,ECPJK,Using AI in schools,1,0,So this sub confuses me. Is it for cringy things or anything off tictock? I've seen cringe and cool things like this so I'm confused
107,k0pbwcj,t3_16ir9c7,2023-09-15 14:42:27 UTC,jadedlonewolf89,Using AI in schools,1,0,So to prevent cheating we‚Äôre going to assume everyone is cheating.
108,k0pcdqv,t3_16ir9c7,2023-09-15 14:45:27 UTC,justadudeisuppose,Using AI in schools,1,0,"Besides the silly mispronunciation at the beginning, which for some reason the OP is using as an excuse to be clever and gain karma, the woman speaking is absolutely correct that we need to embrace AI, and rethink of it as a amazing piece of technology that is like literally talking to the Internet, and like the Internet it sometimes gives inaccurate information (Garbage In, Garbage Out).

What the fear-mongerers are not appreciating is that AI absolutely cannot respond to types of events that it hasn't encountered before, and that happens in every instant of every second. It is always behind the curve knowledge-wise, and it cannot come up with new solutions to new problems. I have spent hours having to connect dots across various disciplines for ChatGPT because they do not exist. That information lives in silos in their respective organizations and institutions, and we currently do not have a mechanism in the real world to relate them in an organic way in order for us to make those leaps. We have to prompt the AI."
109,k0pd0z1,t3_16ir9c7,2023-09-15 14:49:26 UTC,ActualAdvice,Using AI in schools,1,0,You can't critique something if you don't know how to produce it yourself.
110,k0pfvdn,t3_16ir9c7,2023-09-15 15:06:54 UTC,ATXDefenseAttorney,Using AI in schools,1,0,I don't understand this SR. What's the cringe part? This seems like a thoughtful discussion of potential solutions.
111,k0pi84r,t3_16ir9c7,2023-09-15 15:21:21 UTC,Big_Associate_5292,Using AI in schools,1,0,Love this approach
112,k0pkds7,t3_16ir9c7,2023-09-15 15:34:24 UTC,SpookyFruzz,Using AI in schools,1,0,I don't understand why this is cringe. She has a real good point
113,k0pnh7a,t3_16ir9c7,2023-09-15 15:52:50 UTC,Gears6,Using AI in schools,1,0,"Who's the lady in red talking?

She is so rational and sensible that it makes her look like a genius, because we've normalized idiocy."
114,k0podz6,t3_16ir9c7,2023-09-15 15:58:14 UTC,MattJuice3,Using AI in schools,1,1,"This is literally the dumbest thing I have ever heard. Genuinely, this is no way similar to a calculator. A calculator tells you what 2(5+7)/6(8-9) is without having to do take the time to do it yourself with room for error, while every kid can still take the time and break it down themselves, the calculator just simplifies it with 100% accuracy. AI in this scenario will legitimately comes up with the points/arguments and articulates them for the writer, that‚Äôs not similar at all. The AI equivalent of a calculator would be spell checking and grammar checking, AI to write whole essays is the equivalent of taking a picture of math problem and writing down the answer it gives you. Doesn‚Äôt take a genius to see the difference in the two.

This lady is great at saying stupid shit and making it seem smart, make the kids write essays in class. Simple. Critiquing a paper does nothing, I can critique and edit  literally any paper after reading it 2 times, even if it‚Äôs covering a topic I know nothing about. How does this help kids in any way? The answer? It doesn‚Äôt, it doesn‚Äôt *at all*. I‚Äôm gonna sound like a boomer, but this a sure fire way to make kids dumb as fuck and impossible to create their own arguments, but will create a whole generation of ‚Äúwell akshually‚Ä¶‚Äù kids. This is beyond fucking stupid. Writing an essay is not hard at all, a 2 page essay can be done in 30-50 minutes depending in writing typing speed, and the writer will be knowledgeable about what they wrote with the ability to defend it."
115,k0pogx3,t3_16ir9c7,2023-09-15 15:58:43 UTC,Majulath99,Using AI in schools,1,0,"Oh look, an actually intelligent opinion. Well done lady."
116,k0prtkr,t3_16ir9c7,2023-09-15 16:18:59 UTC,Tristain7,Using AI in schools,1,0,"""Look, AI is going to replace these kids in the workforce anyway, and the purpose of the education system is to prepare these kids to be the next set of cogs for corporatists, so let's teach them how to play a support role to artificial intelligence from a young age""

If ChatGPT is simply replicating the work that humans have done in the past, and we stop teaching kids how to produce that kind of work and simply judge the AI's reinterpretation of others works... aren't we effectively cutting ChatGPT and future generations of children off at the knees, and preventing both from improving?"
117,k0puzcl,t3_16ir9c7,2023-09-15 16:37:53 UTC,,Using AI in schools,1,0,"Totally nailed it. Critical thinking skills are the way to a good career. Anyone can google a few things but it takes an intelligent person to take in and present / use that information. Also, I hated writing papers in school. I was always so stressed about the fact that I needed to take time to not only get a good amount of research in, but I also had to write the damn paper. And I was so slow at writing my research would be at a total minimum and I never felt like I could really take interest in what I was writing about because if the process I needed to follow. This leads to kids dreading writing assignments because there is 0 time to be interested in the material when all you have the time for is the execution. And people wonder why young people do the minimum."
118,k0q2ph8,t3_16ir9c7,2023-09-15 17:24:18 UTC,Gamerindreams,Using AI in schools,1,0,"how can we have her run for president?

just joking, christians and republicans would never vote for someone intelligent"
119,k0q47ow,t3_16ir9c7,2023-09-15 17:33:15 UTC,vid_icarus,Using AI in schools,1,0,Best take on AI in schools I‚Äôve seen yet.
120,k0qce63,t3_16ir9c7,2023-09-15 18:22:37 UTC,B-Ess,Using AI in schools,1,0,"No, you need to learn how to count, how to read intentionally and effectively, and how to write. No.
Everything else at school doesn't really matter. Calculators make math class a bunch of busy work, too.

   The freaking solution is more reading at home (instead of a teacher looking at you reading a book anyway) and essays in class, in my opinion, but evidently that's too basic. I had a great (high school) World History teacher who did this, and I never got a bad grade on a paper after him. Either way, the solution has to involve WRITING."
121,k0qe6t8,t3_16ir9c7,2023-09-15 18:33:28 UTC,Stacato_,Using AI in schools,1,0,This is great!
122,k0qigd3,t3_16ir9c7,2023-09-15 18:59:07 UTC,Only_Razzmatazz_4498,Using AI in schools,1,0,She made a lot of sense to me.
123,k0ql60n,t3_16ir9c7,2023-09-15 19:15:33 UTC,HalilujahV,Using AI in schools,1,0,"My paleoanthropolgy class used chatGPT for all the exams. My professor would generate a response for an essay question we had to respond with what it got wrong or right, how the response could be better and anything it missed. It was genuinely so fun."
124,k0qw0b8,t3_16ir9c7,2023-09-15 20:21:16 UTC,BDL1991,Using AI in schools,1,0,"Make all AI programmes have cut off code words that schools require to be in all papers and essays, make the developers work to a guideline or else the abuse will continue"
125,k0r59ec,t3_16ir9c7,2023-09-15 21:18:47 UTC,reinventingmyself19,Using AI in schools,1,0,She's on to something. I don't think she has fully flushed out the idea but she is definitely on to something
126,k0raama,t3_16ir9c7,2023-09-15 21:51:23 UTC,4vante,Using AI in schools,1,0,I can see how this could work
127,k0ratyz,t3_16ir9c7,2023-09-15 21:54:54 UTC,ProfSandy,Using AI in schools,1,0,I just have them write essays by hand in class now
128,k0s0qav,t3_16ir9c7,2023-09-16 01:02:36 UTC,stiffneck84,Using AI in schools,1,0,Write papers by hand again.
129,k0s328e,t3_16ir9c7,2023-09-16 01:20:10 UTC,dwoodall05,Using AI in schools,1,0,"Chad GPT keeps popping up on the CC, can you imagine this into existence pleas"
130,k0s81kn,t3_16ir9c7,2023-09-16 01:58:35 UTC,FierceCheeto,Using AI in schools,1,1,Fuck this bitch
131,k0svxn1,t3_16ir9c7,2023-09-16 05:33:47 UTC,,Using AI in schools,1,1,[removed]
132,k0tewcj,t3_16ir9c7,2023-09-16 09:35:28 UTC,RamaSchneider,Using AI in schools,1,0,Yes.
133,k0wfidd,t3_16ir9c7,2023-09-16 22:37:30 UTC,Silent_but-deadly,Using AI in schools,1,0,Ai sucks.  And I hate it
134,k15b8l3,t3_16ir9c7,2023-09-18 16:43:17 UTC,MrFourMallets,Using AI in schools,1,0,I would disagree that once we had the calculators math got more challenging‚Ä¶ it was the opposite.
135,k3uptqw,t3_16ir9c7,2023-10-07 13:56:43 UTC,minorheadlines,Using AI in schools,1,0,More stuff for an overworked and underpaid teacher to do. All the while getting yelled at by parents because the kids are not able to regulate properly
136,ksc87aq,t3_16ir9c7,2024-02-27 06:06:05 UTC,Paras_Chhugani,Using AI in schools,1,0,"  
Hey all, I have see really cool chat bots in this¬†[bot platform](http://bothunt.ai/?utm_source=reddit). worth checking it guys!"
137,k0m2oey,t1_k0lw19n,2023-09-14 21:51:28 UTC,PanFryYourDumplings,Using AI in schools,362,6,Would love to see the future generation be better critical thinkers.
138,k0mpr7a,t1_k0lw19n,2023-09-15 00:32:28 UTC,chimchombimbom,Using AI in schools,78,3,"I teach high school.  With what amounts to most of the world‚Äôs knowledge in their pockets, you would be flabbergasted by how HELPLESS these kids are when tasked with finding information or answering questions that require critical thinking skills.  It truly frightens me and has caused me to change my curriculum to address this.  (I teach a specific type of art class, btw.  Not even a ‚Äúreal‚Äù academic class!)"
139,k0mimpp,t1_k0lw19n,2023-09-14 23:41:08 UTC,,Using AI in schools,17,0,"You raise a great point and I hope smarter minds than mine are planning for this bc as you mention this clearly seems to be the next hurdle 

Great comment I miss awards"
140,k0m9cgi,t1_k0lw19n,2023-09-14 22:35:25 UTC,,Using AI in schools,31,2,[deleted]
141,k0nq355,t1_k0lw19n,2023-09-15 05:13:39 UTC,Sharp_Iodine,Using AI in schools,3,1,"In NA schools maybe. 

In Canadian universities the shift is significant from school to university. 
In fact, professors here already started accounting for AI by generating a paper themselves and then asking students to improve it, critique it, provide citations for it that prove the points it makes and so on that cannot be easily accomplished with Chat GPT."
142,k0o8h1x,t1_k0lw19n,2023-09-15 08:59:41 UTC,pooey_canoe,Using AI in schools,2,0,Some form of mental arithmetic and fundamental knowledge is useful when the technology isn't available. I divide customers bills up in my head regularly at work and people think I'm Rain Man
143,k0neokx,t1_k0lw19n,2023-09-15 03:26:26 UTC,FranticPonE,Using AI in schools,2,0,"""You're not going to have a calculator every-""

Yeah I come from that generation, even though of course we could've and early pocket computers that would eventually be smartphones were already around. Now there's literally AI just available on the internet for free and instead we can't teach children what it's about because the teachers are too old. Fanastic"
144,k0ny60y,t1_k0lw19n,2023-09-15 06:45:47 UTC,Egg-MacGuffin,Using AI in schools,1,0,"We'd have to defeat the massive political movement against education first, which probably won't happen because of the massive political movement against education."
145,k0o97me,t1_k0lw19n,2023-09-15 09:09:36 UTC,,Using AI in schools,1,0,"Based on the way you wrote this I'm going to assume you're American and I completely agree. Having been working in Europe for a few years and having done my masters here before that, the American public school system is garbage."
146,k0pnl25,t1_k0lw19n,2023-09-15 15:53:28 UTC,Gears6,Using AI in schools,1,0,We can't even teach basic life skills like personal finance or how credit cards work so....
147,k0pt6rs,t1_k0lw19n,2023-09-15 16:27:06 UTC,JovianTrell,Using AI in schools,1,0,"Yeah we have several generations of kids that just got really good at cramming and then knowledge vomiting including myself,  the system needed to be upgraded well before AI but at least this with actually push a real change"
148,k0pym4s,t1_k0lw19n,2023-09-15 16:59:44 UTC,Raknarg,Using AI in schools,1,0,no its because its easier to test and grade lmao
149,k0q6q6x,t1_k0lw19n,2023-09-15 17:48:18 UTC,ThisIs_americunt,Using AI in schools,1,0,"yup this is how doulingo is, helps you memorize the word and using it in one sentence but its the same through most the lessons. I stopped when I started treating it like a memory game instead of a teaching tool"
150,k0qxlfk,t1_k0lw19n,2023-09-15 20:30:49 UTC,Jbroy,Using AI in schools,1,0,It‚Äôs incredibly difficult to teach source validation.  Even adults are falling for unreliable sources all the time because certain parties weaponize information for profit or for political purposes.  They know how to dress information really well to make it seem legitimate.
151,k0mbxdi,t1_k0lswnj,2023-09-14 22:53:24 UTC,fractal_magnets,Using AI in schools,79,0,Chad Gangsta Pimp Gangsta
152,k0obkxr,t1_k0lswnj,2023-09-15 09:40:55 UTC,TheBossyHobbit,Using AI in schools,10,0,Level the ‚Äòplain‚Äô field
153,k0n80p7,t1_k0lswnj,2023-09-15 02:35:49 UTC,NotThatValleyGirl,Using AI in schools,6,2,"ChadGPT made me laugh so I googled it and apparently somebody has actually created a ChadGPT AI and it generates pickup lines in response to basic descriptions of your crush.
 

https://www.chad-gpt.ai/"
154,k0n52rd,t1_k0lswnj,2023-09-15 02:14:23 UTC,Stickeris,Using AI in schools,3,1,Third the View are scabs
155,k0mbhrv,t1_k0lswnj,2023-09-14 22:50:23 UTC,,Using AI in schools,1,1,[deleted]
156,k0p6ja1,t1_k0lswnj,2023-09-15 14:08:28 UTC,kelldricked,Using AI in schools,1,1,I mean its not good points because math didnt become harder due to the calculator.
157,k0pl7qa,t1_k0lswnj,2023-09-15 15:39:23 UTC,Hopeful_Champion_935,Using AI in schools,1,0,"Its nice to see someone actually say ""Yeah, lets use AI and then evaluate it"".  

Who is she and where does she work?"
158,k0n20rt,t1_k0mhapn,2023-09-15 01:53:36 UTC,,Using AI in schools,52,1,[deleted]
159,k0oxjhd,t1_k0mhapn,2023-09-15 13:07:07 UTC,tendadsnokids,Using AI in schools,-3,1,"Nothing like an aging gen x who can't grasp how significant the technology is. 

""Dur hur, crypto was bad so all tech is bad ü§ì"""
160,k0o7xwf,t1_k0mhuty,2023-09-15 08:52:36 UTC,l339,Using AI in schools,5,2,What kind of school did you go to where you had to defend your papers?
161,k0lw98k,t1_k0lu61l,2023-09-14 21:11:48 UTC,hugelkult,Using AI in schools,42,1,"God forbid we test for critical thinking, how would we prop up the red states?"
162,k0o1b8m,t1_k0lu61l,2023-09-15 07:24:41 UTC,Larissanne,Using AI in schools,3,0,I always say this! Critical thinking is a skill you have to learn.
163,k0pu138,t1_k0lu61l,2023-09-15 16:32:10 UTC,happyducksandclowns,Using AI in schools,1,0,"Agreed. Even solving the problem of students using ChatGPT is a problem that requires critical thinking. The problem is students are using ChatGPT to cheat on essays and it is hard to tell who is using it and who is not.

The solution requires counterintuitive thinking: What if we assume this is not a problem? What if we assume that all students are using ChatGPT and that it can not be detected?

With those two questions in mind, the answer becomes clear: Encourage students to use ChatGPT. Adopt a plan for students that centers around using ChatGPT. Essays in class, critical critiques and discussions on ChatGPT's responses, how to ask the right questions for ChatGPT to enhance learning, etc."
164,k0ovgoa,t1_k0m3f18,2023-09-15 12:51:52 UTC,jjonj,Using AI in schools,4,1,"I hope she pulls an Elizabeth Warren and goes into Politics     
... you know, without the anti-nuclear part"
165,k0mujpm,t1_k0m3f18,2023-09-15 01:03:56 UTC,STR0K3R_AC3,Using AI in schools,-68,5,"I wanna preface this with saying I genuinely believe that you meant this as a very nice compliment, and it really is that.

However, just something to be aware of: that *particular* compliment (well-spoken/articulate) has a bit of a dicey history when used to describe black Americans.

Again, I don't think you meant it to be anything other than a compliment, but if you're interested on understanding a bit of the history: https://www.littler.com/publication-press/publication/articulate-compliment-we-need-talk"
166,k0mfyjg,t1_k0m3f18,2023-09-14 23:22:05 UTC,deatthcatt,Using AI in schools,-52,2,is that surprising to you?
167,k0qq80r,t1_k0m3f18,2023-09-15 19:46:11 UTC,oneunderscore__,Using AI in schools,1,0,too bad she's wrong
168,k0qjx55,t1_k0mfv6d,2023-09-15 19:07:58 UTC,Precarious314159,Using AI in schools,3,1,"Except here's the thing, If you ask me to divide 4827 by 18 without a calculator, I can still do it because I learned long division. They didn't stop teaching math when the calculator became common, it was just meant to help speed up what the person can already do. 

Meanwhile if you ask some 15 year old who's losing AI to write their papers, what are they actually learning about the subject? Do you believe they've learned the subject? Do you feel that we shouldn't learn how to spell basic words because autocorrect can fix our mistakes? At what point is the dumbing down of society acceptable because AI and tech?"
169,k0nlprj,t1_k0n1q7t,2023-09-15 04:29:08 UTC,andthendirksaid,Using AI in schools,13,1,"Lesson: learned.

Did him a favor. Not like he lost a job or college application over it.  He needed it, he deserved it and either he'll pay more attention or be so paranoid he'll actually study.  Winwin."
170,k0py782,t1_k0n1q7t,2023-09-15 16:57:16 UTC,Meets_Koalafications,Using AI in schools,3,0,"This sounds like the modern equivalent of my highschool history professor giving a classmate of mine a failing grade for a paper in which he stumbled upon the phrase ""as shown in Figure 1.""

Mind you, this was for class where we'd been specifically instructed not to use figures/images/etc. (because students had been using it as a way of arbitrarily padding length to their essays' page counts).  Student was just that lazy about their copy-paste."
171,k0o34h7,t1_k0ndfy4,2023-09-15 07:48:25 UTC,DaggerDG,Using AI in schools,6,2,"Depending on how good A.I. gets, it would be really easy to just have it write a fake rough draft and even come up with citations for you."
172,k0oa0is,t1_k0ndfy4,2023-09-15 09:20:16 UTC,239990,Using AI in schools,5,0,"that is a simple calculator, there are others that are programable"
173,k0ovo32,t1_k0ndfy4,2023-09-15 12:53:23 UTC,jjonj,Using AI in schools,5,0,"Bing ai already does citations, it would be a short lived solution"
174,k0pypzy,t1_k0ndfy4,2023-09-15 17:00:23 UTC,SOSpammy,Using AI in schools,1,0,Internet-connected models like Bing and Bard can cite and link to real sources.
175,k0u2gsb,t1_k0ndfy4,2023-09-16 13:33:24 UTC,helpidktelugu,Using AI in schools,1,1,"That‚Äôs still not going to cut it though. Last semester, I ended up having to use ChatGPT due to being on a time crunch, and while I did write my paper and due the calculations and everything myself, I didn‚Äôt have the time to really go through the scientific articles I was using. So I just put my list of citations into ChatGPT and asked it to give me an in depth explanation of each article and every time it mentioned the key word I gave it"
176,k0mi3yw,t1_k0m1rq8,2023-09-14 23:37:25 UTC,thousanislandstare,Using AI in schools,23,2,"""What if they sneak AI into class by hiding it in their heads?"""
177,k0mn0dq,t1_k0m1rq8,2023-09-15 00:13:00 UTC,shez33,Using AI in schools,9,0,Two of my university courses does this. We have weekly writing prompts (for participation grade) that have to be done by hand so they can check if we‚Äôre sort of maybe getting it.
178,k0ne10k,t1_k0m1rq8,2023-09-15 03:21:10 UTC,SlikeSpitfire,Using AI in schools,6,0,"This. Having students improve on their AI essays loses the point of writing them. You write an essay so you can take your time and explore a given idea, and critiquing one just doesn‚Äôt do that. There‚Äôs also nothing stopping people from asking ChatGPT to critique an essay."
179,k0mm2f4,t1_k0m1rq8,2023-09-15 00:06:10 UTC,mumanryder,Using AI in schools,12,1,"smart practice chubby cow station friendly different ghost fuzzy uppity

 *This post was mass deleted and anonymized with [Redact](https://redact.dev)*"
180,k0n8c3n,t1_k0m1rq8,2023-09-15 02:38:04 UTC,beluga-farts,Using AI in schools,3,2,"Except kids use their phones sneakily and then just write down what is on their phones. 

A lot of kids will do anything to not have to think, because that's more difficult than the other options available to them. 

English is going to become more like math in the ""show your work"" category. Show me your outlines, show me your notes, tell me how you went about creating this piece."
181,k0mpyv8,t1_k0m1rq8,2023-09-15 00:33:57 UTC,chimchombimbom,Using AI in schools,2,0,Seriously.   Control C and Control V is ruining this generation of learners.
182,k0q36ou,t1_k0m1rq8,2023-09-15 17:27:08 UTC,Rhodie114,Using AI in schools,1,0,"That just helps you pretend that AI doesn‚Äôt exist. The problem is that it does. Once students graduate and enter the workforce, they‚Äôll be in an environment where AI is widely used. We‚Äôre doing them a disservice by teaching them a skill that‚Äôs now being automated out of relevance. 

Like they said, it‚Äôs similar to how math changes when the calculator was invented. The solution wasn‚Äôt to force students to continue making calculations by hand. It was to allow them calculators in class, and test higher level mathematics instead of basic calculations. It should be the same with writing. Let them use computers to take care of the nitty gritty, and instead push them engage more with the complex abstract ideas behind the words on the page."
183,k0rcovw,t1_k0m1rq8,2023-09-15 22:07:28 UTC,shamusisaninja,Using AI in schools,1,0,"That's the thing, I got my degree in history, which is all writing. While we had a couple of big papers we did on our own, you can easily whip out a paper in a day before ai, which I did often. But then we had mid terms and finals that were all done in person and based on our actual knowledge from the course and the books we were supposed to read. So yeah I could half assed a ton of papers using the Internet but I still had to learn the material and know how to form an argument on the fly in a time limit."
184,k0q5nfp,t1_k0m5n5x,2023-09-15 17:41:48 UTC,ugathanki,Using AI in schools,3,2,"> Put essay questions on tests. Why is this so difficult?

Because essays take a while to write and (in high school especially) you only have limited time to test the students."
185,k0o2s4d,t1_k0ms01u,2023-09-15 07:43:50 UTC,lostthering,Using AI in schools,4,0,"Math classes used to spend time drilling computation. Once calculators let students skip that practice, classes focused on analyzing problems and creating mathematical solutions."
186,k0o9ty2,t1_k0ms01u,2023-09-15 09:17:49 UTC,PeterBenjaminParker,Using AI in schools,2,0,"Just because you can do math on a calculator doesn‚Äôt mean you don‚Äôt learn how to do it. Write essays in class to learn how to write an argument, critique  essays in class (written by AI or not) to learn critical thinking."
187,k0shrsv,t1_k0ms01u,2023-09-16 03:17:08 UTC,AdagioCareless8294,Using AI in schools,1,0,human computers used to be a thing. They spent time in school learning to do complicated operations by hand.
188,k2mw2c8,t1_k0mslgu,2023-09-28 21:28:09 UTC,FreemanGgg414,Using AI in schools,1,0,Unless it‚Äôs in class that is still super easy to beat
189,k0nx4rt,t1_k0nlfly,2023-09-15 06:33:15 UTC,lakersLA_MBS,Using AI in schools,0,0,Thanks for name now I know she‚Äôs full of it. She never teach before and calls her self futurist.
190,k0no372,t1_k0ljipu,2023-09-15 04:52:53 UTC,A_RANDOM_ANSWER,Using AI in schools,4,1,calculus was invented long before the calculator
191,k0o2c3s,t1_k0mu8lg,2023-09-15 07:37:55 UTC,lostthering,Using AI in schools,2,1,How would a great writer get penalized by AI? Doesn't an AI detector look for cliched overused phrasing? Which great writers deviate from?
192,k0nkiuj,t1_k0nicl3,2023-09-15 04:17:45 UTC,,Using AI in schools,2,1,"Yeah stop with forcing things. Like going to work is important or be good in my profession.
Stop the forcing!!"
193,k0o319o,t1_k0nh2x7,2023-09-15 07:47:14 UTC,lostthering,Using AI in schools,1,0,This sub drifted from it's premise a long time ago. Now it's just any tiktoks. You will see this discussed in the FAQ
194,k0mknvd,t1_k0mfiyl,2023-09-14 23:55:56 UTC,ThiisO,Using AI in schools,5,0,"Yeah, they are way too loud"
195,k0n9dpp,t1_k0mfiyl,2023-09-15 02:45:42 UTC,,Using AI in schools,1,0,lol i guess so
196,k0o2wn9,t1_k0n2n5k,2023-09-15 07:45:32 UTC,lostthering,Using AI in schools,3,1,"What does ""be a prompt"" mean? Does it mean the instructions on what essay to write were too simple?"
197,k0pw2d5,t1_k0nctwi,2023-09-15 16:44:29 UTC,badpun666,Using AI in schools,1,0,I love this idea! you can definitely incorporate facts into world-building. like game of thrones is basically the [War of the Roses.](https://the-take.com/read/how-did-the-wars-of-the-roses-inspire-agame-of-thronesa)
198,k0m88m3,t1_k0lrwhp,2023-09-14 22:27:52 UTC,,Using AI in schools,12,1,"it looks like you didn't even finish your own thought there because of the hanging comma,"
199,k0nh95j,t1_k0nh94k,2023-09-15 03:48:00 UTC,AutoModerator,Using AI in schools,2,0,"Hey, goofball[!](https://imgur.com/a/XTuSUNR) Looks like you missed the pinned comment! If you're confused about the name of the subreddit, please take a minute and read [this.](https://www.reddit.com/r/TikTokCringe/comments/fyrgzy/for_those_confused_by_the_name_of_this_subreddit/) We hope to see you back here after you've familiarized yourself with our community. Thanks!

*I am a bot, and this action was performed automatically. Please [contact the moderators of this subreddit](/message/compose/?to=/r/TikTokCringe) if you have any questions or concerns.*"
200,k0nz4jt,t1_k0nz4iz,2023-09-15 06:57:31 UTC,AutoModerator,Using AI in schools,1,0,"Hey, goofball[!](https://imgur.com/a/XTuSUNR) Looks like you missed the pinned comment! If you're confused about the name of the subreddit, please take a minute and read [this.](https://www.reddit.com/r/TikTokCringe/comments/fyrgzy/for_those_confused_by_the_name_of_this_subreddit/) We hope to see you back here after you've familiarized yourself with our community. Thanks!

*I am a bot, and this action was performed automatically. Please [contact the moderators of this subreddit](/message/compose/?to=/r/TikTokCringe) if you have any questions or concerns.*"
201,k0ovxpz,t1_k0o1us6,2023-09-15 12:55:21 UTC,jjonj,Using AI in schools,1,0,">  I get that the US's system is memorization and not actual learning

Japan would blow your mind, their system is way more hardcore just memorization. That's a big reason why so very few of them speak English, all they can do is memorized generic phrases"
202,k0q7spd,t1_k0podz6,2023-09-15 17:54:39 UTC,jerryham1062,Using AI in schools,1,0,">while every kid can still take the time and break it down themselves

And can the kid not still take the time to break the essay down in this scenario?

>Critiquing a paper does nothing, I can critique and edit literally any paper after reading it 2 times, even if it‚Äôs covering a topic I know nothing about.

This is incredibly ignorant, trying critiquing a full PhD level thesis on astrophysics when you don't even know what Kepler's laws are, you wont get very far.

>Writing an essay is not hard at all, a 2 page essay can be done in 30-50 minutes depending in writing typing speed, and the writer will be knowledgeable about what they wrote with the ability to defend it.

This is completely subjective. Personally, essays take an incredibly long time and are arduous to write, even on topics I am knowledgeable about. I can have an academic conversation easily on the matter, but essay writing really only tests your ability to convert your thoughts and ideas into succinct phrasing. I would argue the understanding of the concepts themselves are far more important than the actual essay writing.  
Additionally, people can 100% bullshit essays. Kids do that literally all the time in school, and bullshit essays are just as easy to spot as bullshit critiques."
203,k0so2x8,t1_k0s81kn,2023-09-16 04:14:00 UTC,pilotavery,Using AI in schools,1,0,"This actually makes sense, although knowing Americans, Americans are going to be very opposed to doing anything better. Americans just want to do what they're doing now but cheaper. The same reason why Americans would rather use synthetic fuels instead of electric cars..."
204,k0svxnu,t1_k0svxn1,2023-09-16 05:33:48 UTC,AutoModerator,Using AI in schools,1,0,"Hey, goofball[!](https://imgur.com/a/XTuSUNR) Looks like you missed the pinned comment! If you're confused about the name of the subreddit, please take a minute and read [this.](https://www.reddit.com/r/TikTokCringe/comments/fyrgzy/for_those_confused_by_the_name_of_this_subreddit/) We hope to see you back here after you've familiarized yourself with our community. Thanks!

*I am a bot, and this action was performed automatically. Please [contact the moderators of this subreddit](/message/compose/?to=/r/TikTokCringe) if you have any questions or concerns.*"
205,k0mfl05,t1_k0m2oey,2023-09-14 23:19:26 UTC,traraba,Using AI in schools,180,2,Sounds like it would be really hard to exploit those people.
206,k0nvahb,t1_k0m2oey,2023-09-15 06:11:25 UTC,Shubb,Using AI in schools,4,0,"Absolutly, could you imagine every child spends 50% of their education on philosophy. One could dream!"
207,k0npw7c,t1_k0m2oey,2023-09-15 05:11:38 UTC,Pristine-Whereas-784,Using AI in schools,10,1,"Well if they are all using AI to write their papers, how can they practice articulating their thoughts ?"
208,k0ny9e9,t1_k0m2oey,2023-09-15 06:46:56 UTC,Egg-MacGuffin,Using AI in schools,3,0,[Over the GOP's dead body!](https://www.washingtonpost.com/blogs/answer-sheet/post/texas-gop-rejects-critical-thinking-skills-really/2012/07/08/gJQAHNpFXW_blog.html)
209,k0nnsu4,t1_k0m2oey,2023-09-15 04:49:58 UTC,mysonwhathaveyedone,Using AI in schools,-7,2,and there is tiktok that fuels an entire generation that has the capacity to concentrate for 10 seconds max.
210,k0osi7l,t1_k0m2oey,2023-09-15 12:29:22 UTC,Smellytangerina,Using AI in schools,1,0,I would love it if current generations would be as well tbh ;)
211,k0ne9fw,t1_k0mpr7a,2023-09-15 03:23:01 UTC,Jilaire,Using AI in schools,44,1,"I taught the past 7 years. Kids don't know how to research.  They don't know how to use computers.  They know phones. That's it. Their parents (few ans far between) don't care past elementary school, if they cared at all.

My oldest is in elementary. We have been to five or six birthday parties. My husband and I have consistently been the only parents not on their phones."
212,k0nw2am,t1_k0mpr7a,2023-09-15 06:20:30 UTC,lakersLA_MBS,Using AI in schools,9,3,"I‚Äôve heard this as well from from some family members. I‚Äôm wondering if lady in video is currently teaching because the teachers I know find it hard just to get kids to care and this is lady is saying have AI write their essays and kids are supposed to care enough to critique it? Not including AI is known for getting info wrong.

So found out she never teach before and is a tech founder, so yeah a bunch of bs."
213,k0npq6f,t1_k0mpr7a,2023-09-15 05:09:53 UTC,Jokuki,Using AI in schools,12,1,"Had a talk with another teacher today. They were worried half the class was going to fail an open note quiz next week when he said ""Alright class, make sure to keep this sheet of paper we worked on today. It'll really help you on the quiz next week."" Most of the class was just deadpan and not paying attention. This is in high school btw. The bell rang and everyone habitually shoved things into their backpack.

My friend teaches middle school and the amount of work she has to do to have her students fill out 3 character traits of someone from their reading literally takes all 50 minutes. Lots of criticisms about the education system are valid, but some takes just show how out of touch people are with students these days."
214,k0mgwx0,t1_k0m9cgi,2023-09-14 23:28:53 UTC,Snoo_79218,Using AI in schools,33,0,Media literacy is what I thought the other commenter was referring to when they said ‚Äúwe need to learn that.‚Äù
215,k0mzqch,t1_k0m9cgi,2023-09-15 01:38:28 UTC,ohhyouknow,Using AI in schools,8,0,"That‚Äôs what the person you are responding to was saying, but in long form and a no in front of it."
216,k0obzvj,t1_k0nq355,2023-09-15 09:46:20 UTC,,Using AI in schools,6,1,our programming prof in europe simply made every exam oral - 1/3 of the course failed lol
217,k0negyy,t1_k0n80p7,2023-09-15 03:24:42 UTC,pureply101,Using AI in schools,2,0,The internet is beautiful.
218,k0pajfq,t1_k0n80p7,2023-09-15 14:33:59 UTC,SufficientPie,Using AI in schools,1,0,"> I'm sorry, but I won't be able to generate overly sexual, vulgar, or offensive content. If you have any other requests or need assistance with something else, feel free to ask!

üôÑ"
219,k0nc1iz,t1_k0n52rd,2023-09-15 03:05:28 UTC,JazzScholar,Using AI in schools,2,1,that isn't the view
220,k0mdvkr,t1_k0mbhrv,2023-09-14 23:07:13 UTC,mixelydian,Using AI in schools,3,0,"Chat GPT is not that special, nor is it limited to one company now. Anybody with enough computer power could generate something similar, if with less quality, without having to use any of OpenAI's data. In the future, access to LLMs will be as ubiquitous as access to calculators. It basically is already."
221,k0p9mp1,t1_k0p6ja1,2023-09-15 14:28:18 UTC,___Binary___,Using AI in schools,0,0,"It‚Äôs all context she obviously meant that there was a jump in what levels of math were taught. Math concepts were then introduced and understood at an earlier stage allowing for more advanced math to be taught, and more quickly in schools."
222,k0nzo65,t1_k0n20rt,2023-09-15 07:04:11 UTC,Plantarbre,Using AI in schools,20,3,"When you spend your school years trying to look for shortcuts instead of learning, you become the 20y/o cryptocurrency enthusiast."
223,k0pq99k,t1_k0oxjhd,2023-09-15 16:09:30 UTC,Space_N_Pace,Using AI in schools,6,0,"It‚Äôs funny watching technology pass people by in real time. 

Did you know the internet won‚Äôt amount to anything either??"
224,k0oygu6,t1_k0o7xwf,2023-09-15 13:13:46 UTC,yeahyeahiknow2,Using AI in schools,5,0,"A regular ol public school in the US, but I was also in AP classes mostly. Then this was a pretty standard thing in college too."
225,k0pogae,t1_k0o7xwf,2023-09-15 15:58:37 UTC,JangSaverem,Using AI in schools,1,0,"Brother....what?

That's the whole point of a college level assignment. Just passing in a paper is lower highschool. Mid high school you present your findings in a PowerPoint or a basic charted for p poster or whatever

Even in 7-8th grade USA you should be able to present a short analysis of the novel your read. 

College you should be presenting with further information why you say what you said. Where you may have garnered this information and who may support this finding. 

I took went to a state college. That's not really a barrier. It's the expectation. If you can't defend your point, EVEN IF ITS WRONG, it makes it stink of plagiarism, paid to be written or in this time period...that Chatgpt wrote it

If you aren't defending papers or essays you probably are not learning the whole point of the post....critical thinking. 

Now say you are a poor speaker. That makes it tough. Fine. There better be a portion of that essay in potentially laymen's terms explaining .

This isn't needed for maths, physics or basic chem because your results will show"
226,k0q3n8h,t1_k0lw98k,2023-09-15 17:29:51 UTC,AstroPhysician,Using AI in schools,2,0,"By testing for critical thinking... people born in red states aren't inherently less intelligent, so improving the education system to account for critical thinking would improve it"
227,k0rpp5e,t1_k0ovgoa,2023-09-15 23:41:06 UTC,Motor_Horse8887,Using AI in schools,1,0,And without the snake part
228,k0myw03,t1_k0mujpm,2023-09-15 01:32:58 UTC,Decent-Start-1536,Using AI in schools,49,1,bro
229,k0ncaw0,t1_k0mujpm,2023-09-15 03:07:28 UTC,PeekPlay,Using AI in schools,31,1,"well fucking done, you really went and made this about race"
230,k0ojbd4,t1_k0mujpm,2023-09-15 11:09:20 UTC,kobriks,Using AI in schools,5,0,"you're a disgusting racist, blocked"
231,k0ngi9e,t1_k0mujpm,2023-09-15 03:41:30 UTC,launcher55,Using AI in schools,11,2,I never heard of that in my life. Ain‚Äôt no way in hell calling someone ‚Äúwell spoken‚Äù is racist.
232,k0nkr4f,t1_k0mujpm,2023-09-15 04:19:53 UTC,Longhorns1212,Using AI in schools,8,1,Shut the fuck up lol
233,k0mhbw2,t1_k0mfyjg,2023-09-14 23:31:52 UTC,Moonlitnight,Using AI in schools,46,1,"The concept may be new to you, but this is called a compliment."
234,k0ndkja,t1_k0mfyjg,2023-09-15 03:17:28 UTC,peeja,Using AI in schools,12,0,For someone on a random talk show expressing an approach to reckoning with AI's effect on academics? Yeah.
235,k0qn94x,t1_k0qjx55,2023-09-15 19:28:09 UTC,sunboy4224,Using AI in schools,1,1,"They're saying we should teach humanities subjects with AI similar to how to teach technical subjects with calculators.  Yes, students need to know how to properly articulate their thoughts before AI starts coming into their education.  Yes, many student's ability to express themselves without these tools will probably be noticeably lower than the average student's ability today - the same way that the average 10th grader's ability to do arithmetic in their head is probably lower now than before they started teaching math with calculators.

The point is not to dumb down society, but the opposite.  It's to use AI properly to raise up society as a whole."
236,k0nwlqz,t1_k0nlprj,2023-09-15 06:26:54 UTC,Mr1worldin,Using AI in schools,8,1,"The saddest thing was that the guy went to my school, he was in a lower grade before going to uni so he was basically the only student in that class i knew personally."
237,k0pvhz9,t1_k0o34h7,2023-09-15 16:41:01 UTC,badpun666,Using AI in schools,3,0,however the citations will be hallucinations
238,k0qh3pi,t1_k0o34h7,2023-09-15 18:50:59 UTC,Nanaki_TV,Using AI in schools,3,1,"> and even come up with citations for you.

Yup. I do this all the time with GPT 3.5. It makes up the article on the website and what it says. Then it titles it. Then I google that title and low and behold, the article was actually written! I give ChatGPT the new link for formatting for APA. Done. 

I hate our education system. It makes it so this is what should be done. Get the grade and move on. I should not be punished for getting something wrong. That's the problem The incentives are backwards."
239,k0u3yob,t1_k0u2gsb,2023-09-16 13:44:21 UTC,ThreeBelugas,Using AI in schools,1,0,What would you do if you are required to turn in a rough draft?
240,k0mlfjq,t1_k0mi3yw,2023-09-15 00:01:36 UTC,Belakxof,Using AI in schools,13,1,I think you meant vibrating butt plug.
241,k0pp6qw,t1_k0mi3yw,2023-09-15 16:03:03 UTC,Zoloir,Using AI in schools,1,0,"hence adapt will always win. fighting against calculators was stupid, and so is fighting against AI.

figure out what humans actually bring to the table above and beyond the AI and make em do that."
242,k0q4za3,t1_k0mm2f4,2023-09-15 17:37:47 UTC,Rhodie114,Using AI in schools,1,0,"Except that‚Äôs exactly how I was taught math in high school. The ability to get the right answer once you had an equation was trivial. It was just plug and chug, and anybody could do it. Instead, our testing emphasized word problems where we needed to figure out how to apply the principles we‚Äôd been taught. And we moved on to more abstract, higher level math much faster than people did before the calculator. By the time I graduated high school I‚Äôd taken 3 years of calculus. When my dad was in school, calc wasn‚Äôt even offered until university."
243,k0pzkzy,t1_k0n8c3n,2023-09-15 17:05:33 UTC,PhotoChanger,Using AI in schools,2,0,"""Hey ChatGPT, make sure to include a section that shows all of your work, outlines, notes and tell me how you went about creating it"""
244,k0pq53e,t1_k0n8c3n,2023-09-15 16:08:49 UTC,JangSaverem,Using AI in schools,1,0,"English, writing, literature study etc should already be doing that last part by high school"
245,k0q6l6v,t1_k0q5nfp,2023-09-15 17:47:28 UTC,Crystal-Clear-Waters,Using AI in schools,3,1,Tests can take the whole period. Right?
246,k0r25no,t1_k0q5nfp,2023-09-15 20:59:05 UTC,whomstdvely1,Using AI in schools,1,1,"We did just that in many of my AP classes. We called them quick writes, if memory serves. We were given a prompt and had the period to write an essay."
247,k0o3pji,t1_k0no372,2023-09-15 07:56:11 UTC,DaggerDG,Using AI in schools,1,0,"Google says the calculator was invented in 1642, and calculus something like 1665‚Äì17xx. Though obviously calculus isn‚Äôt so much a single invention and has some traces all the way back in B.C. times"
248,k0orptc,t1_k0o2c3s,2023-09-15 12:23:09 UTC,,Using AI in schools,1,1,"Have you ever seen the garbage that a typical college student produces, they don't even correct for spelling and word actually points those out insistently.  Anyone who submits interesting ideas in standard English with no spelling errors and good organization is going to be assumed to have at least applied a little body English to their work."
249,k0nnj5h,t1_k0nkiuj,2023-09-15 04:47:14 UTC,Calpernia09,Using AI in schools,-2,0,Dude.   Grow up
250,k0w73k2,t1_k0o2wn9,2023-09-16 21:40:51 UTC,sawayamarx,Using AI in schools,2,0,"yes, he was responding to an email from admin that was panicked about the rise of ai in colleges. he meant that if it is simple regurgitation rather than critical thinking and coming up with your own ideas, it should not be an assignment."
251,k0m9wrz,t1_k0m88m3,2023-09-14 22:39:21 UTC,,Using AI in schools,-4,1,[deleted]
252,k0oqlff,t1_k0mfl05,2023-09-15 12:14:12 UTC,saxguy9345,Using AI in schools,46,0,"The GOP just made school illegal, thanks a lot"
253,k0qxrrc,t1_k0mfl05,2023-09-15 20:31:53 UTC,Jbroy,Using AI in schools,1,0,It really isn‚Äôt that difficult to undo critical thinking minds.  Propaganda is alive and kicking and it‚Äôs really effective.  Adults of sound mind fall for it all the time.
254,k0nudkc,t1_k0npw7c,2023-09-15 06:00:49 UTC,Icy_Many_3971,Using AI in schools,37,2,Did you even watch the video? She just gave an example: critiquing or improving the AI generated text in class
255,k0nz75i,t1_k0nnsu4,2023-09-15 06:58:25 UTC,PanFryYourDumplings,Using AI in schools,6,0,"Your point emphasizes the need for critical thinking, no?"
256,k0ozujk,t1_k0nnsu4,2023-09-15 13:23:29 UTC,thestashattacked,Using AI in schools,2,1,"Honestly, that's not been my experience. 

Hi, I'm a middle school teacher. I specialize in technology. I'm also working on a PhD in developmental psychology, specializing in teenage brain development.

One of the things TikTok and social media has done has actually gotten teens to be able to code switch faster between situations and concepts. As a result, they can go from a full conversation, to class work, to back, in significantly less time. They can utilize language differently because they recognize that words have different meanings in different fields, and swap back and forth quickly and easily. 

You'd think this means that their attention spans are shorter, but they aren't. They're paradoxically *longer,* they just require more mental and social stimulation while doing these things. 

So they will actually spend *more* time on an assignment, but only if they can also chat with their friends while they do it. Their friends may also bounce ideas back at them, improving their thinking process and empathy."
257,k0qbiid,t1_k0ne9fw,2023-09-15 18:17:16 UTC,B-Ess,Using AI in schools,3,0,"This makes me want to adopt fifteen children at once. That sounds so sad.

My Dad only ever wanted to zone out on TV all evening, and I can't imagine that being the constant for a parent."
258,k0pmor2,t1_k0nw2am,2023-09-15 15:48:10 UTC,qcAKDa7G52cmEdHHX9vg,Using AI in schools,2,0,The obvious answer is that both should be taught. Kids should learn how to research and form an opinion or write a paper or whatever on their own. They should also learn to use the tools that will be everywhere in their world like AI.
259,k0s4klc,t1_k0nw2am,2023-09-16 01:31:47 UTC,mista-sparkle,Using AI in schools,1,1,"> Not including AI is known for getting info wrong.

You know who else is known for getting info wrong? Kids that don't care.  
  
Since AI as a created tool is so powerful, raising the bar could come alongside a lot more freedom as what what the kids are allowed to create. Could you imagine being assigned a project where you were instructed to write a short story of your choosing, adapt a scene into a comic book, identify the themes, authors and artists that the styles reflect, then recreate the story in the style of a vastly different author and artist? It would have taken a whole semester of focus as an adult, now a kid can do it with a ChatAI and StableDiffusion."
260,k38t654,t1_k0nw2am,2023-10-03 04:49:27 UTC,WhtDaQuack,Using AI in schools,1,0,It's always the people not in education that think they know what's best or what will be best. Sounds like she is just promoting her field into another field she is clueless about to make profit.
261,k0qim5n,t1_k0npq6f,2023-09-15 19:00:05 UTC,Only_Razzmatazz_4498,Using AI in schools,1,1,My wife teaches college. Students fail open book take home multiple choice questions.
262,k0qm9dm,t1_k0obzvj,2023-09-15 19:22:08 UTC,macedonianmoper,Using AI in schools,1,1," Wtf why couldn't it at least be a written exam, I still think it's dumb but oral sounds so much worse"
263,k0ncolb,t1_k0nc1iz,2023-09-15 03:10:25 UTC,Stickeris,Using AI in schools,-1,2,"I‚Äôm an idiot then, my point remains true though"
264,k0ohbc4,t1_k0nzo65,2023-09-15 10:48:41 UTC,Mean-Savings-8676,Using AI in schools,-1,1,Work smarter not harder. In the real world 2 people doing the same job getting laid the same but one of them found an easier way to say stack shelves and the other does it the harder way. Who is actually benefitting? Yeh the person that did it with less effort
265,k0p1n48,t1_k0nzo65,2023-09-15 13:35:55 UTC,,Using AI in schools,1,1,[deleted]
266,k0ptprb,t1_k0nzo65,2023-09-15 16:30:14 UTC,,Using AI in schools,1,1,[deleted]
267,k0mza4j,t1_k0myw03,2023-09-15 01:35:33 UTC,STR0K3R_AC3,Using AI in schools,-32,0,bro
268,k0ndm0l,t1_k0ncaw0,2023-09-15 03:17:47 UTC,STR0K3R_AC3,Using AI in schools,-32,1,Are you mad now?
269,k0njlv6,t1_k0ngi9e,2023-09-15 04:09:11 UTC,Queens113,Using AI in schools,27,1,"I've heard it before... specifically when calling a POC well spoken, implying they normally wouldn't be well spoken...."
270,k0owfse,t1_k0ngi9e,2023-09-15 12:59:06 UTC,itsdr00,Using AI in schools,1,0,"It was real once, but it's a stretch to apply it to this video, here in 2023, especially when this woman is speaking with more polish than many politicians."
271,k0nkviy,t1_k0nkr4f,2023-09-15 04:21:02 UTC,STR0K3R_AC3,Using AI in schools,0,0,You seem upset
272,k0mhvft,t1_k0mhbw2,2023-09-14 23:35:43 UTC,deatthcatt,Using AI in schools,-28,0,brb. gonna go look up that word
273,k0rp1nb,t1_k0qn94x,2023-09-15 23:36:18 UTC,Precarious314159,Using AI in schools,2,1,"But the difference is that, for the most part, the average person doesn't need to know physics or geometry when going about their life so it makes sense pass that part of to a machine but you're openly talking about passing off human expression to a machine.

Humanities are literally the class about humanity, about poetry, history, and culture. When I took art history, learning the specific year of a painting didn't matter but learning the expressions the emotion behind them were; the same way that creative writing was about expressing yourself  regardless of the medium. Teaching that alongside AI would be the most idiotic thing imaginable, especially to have students use AI to express themselves considering how most popular AI models are made using stolen assets. ChatGPT is built using stolen literature and being sued by tons of publishers and Midjourney/SD are under dozens of lawsuits."
274,k0ny8ip,t1_k0nwlqz,2023-09-15 06:46:38 UTC,andthendirksaid,Using AI in schools,4,0,Oof that's rough but then he probably should've been extra careful not to put you in that position and/or get himself caught so what can ya do
275,k0qhkxv,t1_k0qh3pi,2023-09-15 18:53:54 UTC,DaggerDG,Using AI in schools,1,1,"Interesting, I tried a couple of times a while back and it just gave me fake articles.  Maybe it‚Äôs been improved?"
276,k0n5406,t1_k0mlfjq,2023-09-15 02:14:38 UTC,Hlpmadeaccountforths,Using AI in schools,5,0,I should try that in my chess tournament
277,k0q7q4v,t1_k0q6l6v,2023-09-15 17:54:15 UTC,ugathanki,Using AI in schools,1,1,"Yep. They usually last ~50 minutes (at least they did when I was in school) and at unless the teacher and class is disciplined they'll spend 5-10 minutes fucking around at the start and end of the period. There's so much wasted time in education... Anyway some teachers, on test days, would stand at the door and hand out tests as you walked in. I liked those times because it gave you more time for the test. Even still say you get the full 50 minutes that's often only enough time for a page or three, depending on age."
278,k0r5h4g,t1_k0r25no,2023-09-15 21:20:10 UTC,ugathanki,Using AI in schools,1,0,"Yes I did it too, the problem is one essay only really tests one thing. If you need to ensure the student knows about a broad swathe of topics then a multiple choice test might be better. It just depends."
279,k0p3s0i,t1_k0orptc,2023-09-15 13:50:20 UTC,lostthering,Using AI in schools,1,1,"Is ""body English"" slang for cheating?"
280,k0mbn01,t1_k0m9wrz,2023-09-14 22:51:25 UTC,,Using AI in schools,1,0,"![gif](giphy|4Tkagznwgrv6A4asQb)

hahaha, well you made up for it with that one."
281,k0nwbxv,t1_k0nudkc,2023-09-15 06:23:39 UTC,lakersLA_MBS,Using AI in schools,-38,3,"So kids are getting their essays done by AI and then the teacher expects them to care enough to critique some bs they had AI write for them, oh yeah that will totally work out./s"
282,k38sqh1,t1_k0nudkc,2023-10-03 04:44:56 UTC,WhtDaQuack,Using AI in schools,1,0,"Critiquing and improving is just making the idea come across better in certain areas. The above comment said something about children using their own thoughts. Having an AI write for them and then just having students critique that won't really help them with their own writing as the AI may not even write an essay based on that students' opinion. How are they going to be able to create their own pre-planning or paragraphs and form their own ideas if they aren't even required to do any of that work. Imagine being able to have AI write all of your essays for you as you go through school then you go to college and can't even write your own essay because you never have before? I can't even imagine people going for their master's or doctorate because they won't even be able to write a thesis or dissertation. It just sets them up for failure in the long run because now we aren't teaching how to write original ideas or argumentals with opinions as they will just rely on whatever the AI decides to write. Not saying critiquing and improving written text isn't needed, but it sure isn't the only skills needed to be a good writer."
283,k10palq,t1_k0ozujk,2023-09-17 18:41:21 UTC,SalaciousVandal,Using AI in schools,1,1,"Here I am pretending to correct a PhD, but I think you meant context switching? Not sure what code switching would be. Speaking as a nearly 50-year-old man, context switching is murderous to my productivity. My children, however, can seamlessly glide between many things, seemingly in parallel. It's sort of amazing. They don't use TikTok but the point stands."
284,k38thaj,t1_k0s4klc,2023-10-03 04:52:42 UTC,WhtDaQuack,Using AI in schools,1,0,"Yeah but how is this going to make them care more? They might get excited that they don't have to actually do those steps to create the story anymore but let's say after 3 AI stories, will they then care enough to do it themselves? I doubt it cause they are being taught to use the AI as a crutch so to speak. It's just an easy way out imo. Next thing you know we're gonna have authors that sell books written by AI cause no one can form their own ideas anymore."
285,k38tkx5,t1_k0qim5n,2023-10-03 04:53:47 UTC,WhtDaQuack,Using AI in schools,1,0,This is frightening.
286,k182a6o,t1_k0qm9dm,2023-09-19 03:11:52 UTC,JohnWangDoe,Using AI in schools,1,0,probably professor has no TA to handle the grading or just lazy af
287,k0ppopl,t1_k0ncolb,2023-09-15 16:06:05 UTC,JazzScholar,Using AI in schools,4,1,"It‚Äôs actually a Canadian based/made show, so they are not a part of the Union that is striking right now"
288,k0ooj9k,t1_k0ncolb,2023-09-15 11:56:54 UTC,a-dasha-tional,Using AI in schools,1,1,There is no writers involved in daytime.
289,k0okkio,t1_k0ohbc4,2023-09-15 11:21:35 UTC,Plantarbre,Using AI in schools,4,3,"There's work, and there's study.

The one stacking the shelves better is the one with critical thinking and reasoning."
290,k0p2hww,t1_k0p1n48,2023-09-15 13:41:41 UTC,Plantarbre,Using AI in schools,2,0,"Yeah, I think Education should be the number 1 priority across all countries. I also do think AI can help in many regards for that aspect. Sometimes you need to prioritize and you can't learn everything, for sure.

I can't guess where all the comments come from. But, typically, where I live, if you can't finish your work, you just say it. I couldn't because I'm overwhelmed and I have 8 exams this week. If that's a critical but useless assignment, sure, go ahead."
291,k0pvnbq,t1_k0ptprb,2023-09-15 16:41:55 UTC,Plantarbre,Using AI in schools,1,0,"> The rest I've learned on the job in the real world.  
>  
>\[...\] Cryptobros are people not making it.

Which sounds like you gained the critical thinking and the ability to adapt, which is entirely the point of tech schools that explicitely state to students that what they learn is outdated in 5 years.

They know the lesson itself will be outdated. What matters is that you're attending, learning, criticizing, taking exams and writing reports. Which you don't, if you take shortcuts. That's my point."
292,k0oeo21,t1_k0ndm0l,2023-09-15 10:18:59 UTC,Questwarrior,Using AI in schools,6,1,"Yes, because you undermined all what was said to point out something that in no way was meant to harm someone, you said that yourself, as somehow a way to harm someone‚Ä¶ you wanted to point something out because you felt the need to, not because it was in anyway used in an offensive manner

I completely understand where you‚Äôre coming from, it sucks that for some ‚Äúarticulate‚Äù is a way to differentiate black people in their eyes because they see people who speak in AAVE as somehow lesser human beings, that shit sucks‚Ä¶ but you gotta realize when it‚Äôs not being used as such‚Ä¶ and maybe hold the ‚Äúteaching lesson‚Äù opportunity to people who actually need it"
293,k0ogo6b,t1_k0njlv6,2023-09-15 10:41:41 UTC,Chosen--one,Using AI in schools,3,0,Does this not happen with every person? Is this one of those things I am not enough american to understand.
294,k0uvatu,t1_k0rp1nb,2023-09-16 16:41:22 UTC,sunboy4224,Using AI in schools,1,1,"Sure most people don't use geometry or physics in their daily lives, but they don't use art history or poetry either.  I think you're making an unfair comparison about the ""point"" of each subject to learn.  Learning the specific year a painting was made may not have been the point, but it WAS the thing required for the test.  Learning the equation for the volume of a cylinder isn't the point of geometry (the point is to learn how to think analytically), but it WAS the thing required for the test.

However, if we have tools now that just tell us the year that a painting was made, or will remember all of the volume equations for us, then what does a human need to do?  Humans need to know when, how, and why to apply these tools, and AI is going to be the biggest tool we have.

No one is saying to replace human expression with AI (and let's not pretend that academic assignments are how people express themselves - they do that in their spare time, assignments are just work).  We want to use AI to augment how we perform the functions required of us, and school needs to start teaching that.

Finally, based on your last couple of sentences, it sounds more like you're just against AI in general and this argument is just a proxy for that...which, to quote you, is the ""most idiotic thing imaginable"", considering how useful (and inevitable) AI will be."
295,k0qlooo,t1_k0qhkxv,2023-09-15 19:18:41 UTC,Nanaki_TV,Using AI in schools,2,0,"I think I'm not being clear. I am getting back fake articles as well. But the topic is usually written about already and then someone has written the article that GPT3.5 hallucinates. Sometimes it gets the same website. Sometimes not. I've had it site sources from real books but get the page numbers wrong too.    

For example: 
>Me:
>Any other rerferneces and use them? 
>ChatGPT
>I understand your request for additional references to be used in your essay. Here are two more references, and I will provide suggestions on where to incorporate them into your essay:
>
>Reference 1:
>Dovidio, J. F., Kawakami, K., & Gaertner, S. L. (2002). Implicit and explicit prejudice and interracial interaction. >Journal of Personality and Social Psychology, 82(1), 62-68.

>You can incorporate this reference when discussing the [continues from here]. 

ChatGPT hallucinates this reference. But if you google it, I find this and other similar links: 

https://psycnet.apa.org/doiLanding?doi=10.1037%2F0022-3514.82.1.62 

Now, depending on how many pts the essay is worth, I can either find a way to get the article, get a difference source the same way, or site the source and move on."
296,k0q99ek,t1_k0q7q4v,2023-09-15 18:03:31 UTC,Crystal-Clear-Waters,Using AI in schools,1,1,"None of this seems so harsh, ridiculous or impossible."
297,k0p902l,t1_k0p3s0i,2023-09-15 14:24:20 UTC,,Using AI in schools,1,1,"Body english is a phrase that means the movement you make with your body when trying get something to go a certain direction, you usually see it with bowlers after them letting go of the ball.  Of course it has no effect but they do it.  I was being a bit poetic with that but I meant help, in this case AI help.  Whether it's cheating is open for debate.  I only mean it to be help.  BTW, I stopped reading college essays when students would come to me an essentially say I shitted this out late last night I don't intend to read it myself or correct it so you go ahead and fix it.  It was just so much universally poorly written garbage ideas lazily done that it was making me depressed and I just had to remove myself from that.  I also concluded that beyond not being able to write most of them had nothing to say about what they were writing about.  They didn't understand it well enough and couldn't formulate cogent opinions around it much less defend those.  At the end if anyone were to bring a paper to me I would have them put it away and just tell me what they thought about what topic they were working.  If it was just retarded blathering I knew enough not to waste my time reading the paper.  Most college papers are like this at the undergraduate level and at the masters level is mostly just lazy shit by people who mostly don't have the time to do anything much better."
298,k0o2g8z,t1_k0nwbxv,2023-09-15 07:39:25 UTC,Sogcat,Using AI in schools,30,0,How is it any different from reading the text book and writing a paper based on the text you read? Just less writing tbh.
299,k0nyilp,t1_k0nwbxv,2023-09-15 06:50:05 UTC,monster_syndrome,Using AI in schools,26,0,"""Create an AI generated essay, review it, and then discuss it in class"" is a terrible idea while ""read these books, write a paper, and then discuss it in class"" is not.  I see."
300,k0pu42w,t1_k0nwbxv,2023-09-15 16:32:40 UTC,Koganutz,Using AI in schools,2,0,"If you go back to when you were a kid, imagine the teacher gave you this assignment to write about any topic. So you have AI write an essay on the Lakers. You wouldn't have been interested in correcting or talking about that subject?"
301,k10w0a1,t1_k10palq,2023-09-17 19:19:44 UTC,thestashattacked,Using AI in schools,1,0,Code switching and context switching are often used interchangeably.
302,k0prun6,t1_k0ppopl,2023-09-15 16:19:09 UTC,Stickeris,Using AI in schools,1,0,[im talking about the view](https://www.tripadvisor.com/Attraction_Review-g60763-d10253745-Reviews-The_View_ABC_Studios_Taping_of_the_Show-New_York_City_New_York.html). The View films in manhatten and manhatten is WGAE
303,k0ps8wu,t1_k0ooj9k,2023-09-15 16:21:30 UTC,Stickeris,Using AI in schools,1,0,"That‚Äôs 100% not true the view has [two staff writers](https://www.rollingstone.com/tv-movies/tv-movie-features/the-view-writers-strike-picketing-abc-whoopi-goldberg-snl-drew-barrymore-show-1234824521/amp/). The view is crossing the line, even if they are ‚Äúforgoing‚Äù their writing staff."
304,k0ol09p,t1_k0okkio,2023-09-15 11:25:40 UTC,Mean-Savings-8676,Using AI in schools,3,0,The same critical thinking and reasoning that made the school kid find a way around doing school work at home
305,k0os5dm,t1_k0okkio,2023-09-15 12:26:35 UTC,blitzhimself,Using AI in schools,4,1,Just finished a comp Sci degree at university. There were horribly outdated assignments that do not apply the industry in modern day. For old ass algorithms or dead languages chat gpt was used so I could use that time elsewhere learning the current field. Your argument is silly bro not everything is worth learning 100%
306,k0oy2zh,t1_k0okkio,2023-09-15 13:11:01 UTC,tendadsnokids,Using AI in schools,1,1,95% of jobs are going to be impacted by generative AI. Any person who isn't learning how to use it to its maximum potential will be completely irrelevant in the workplace. My fiance is a professional writer and uses it every day. Her work brought in specific trainers and basically told them to figure out how to use it or start finding a different career.
307,k0oq4ym,t1_k0oeo21,2023-09-15 12:10:28 UTC,_iSh1mURa,Using AI in schools,2,0,And if you are gonna go there at least link an actual article or something not a freakin PODCAST ü§¶‚Äç‚ôÇÔ∏ènot listenin to that
308,k0vvehx,t1_k0uvatu,2023-09-16 20:27:18 UTC,Precarious314159,Using AI in schools,1,0,"Except we do use art history and poetry because they teach us human expression, how to explain ourselves. A good example is film appreciation, where you learn how to explain what you like and dislike about a movie, to look for the basic structure and themes that allow you to better appreciate how you watch and talk about media.

>No one is saying to replace human expression with AI 

Except for the people who are literally saying this, right? You're the one that brought humanities into this and now you're saying to not pretend that humanities aren't about humanities.

>Finally, based on your last couple of sentences, it sounds more like you're just against AI in general

Gee, I wonder how you were able to crack this heavily secret coded message. Without even checking your post history, I'm going to guess you're tech person, likely lurking in r/ProgrammerHumor with a hobby of gaming and software, who tells themselves ""I have amazing ideas it takes too much time to actually make them happen"", probably a failed artist that struggles at the most basic attribute and rather than learn and improve, sees AI as your one chance at gaining talent.

Considering that AI us made using stolen assets and any inclusion of AI into anything creative is met with insane backlash because actual artists want nothing to do with your ""tool"" and is primarily used by untalented hacks like yourself, then yea, you can say that myself, along with most of society, is against Ai."
309,k0qiemh,t1_k0q99ek,2023-09-15 18:58:49 UTC,ugathanki,Using AI in schools,1,0,"Yep... Wait, what do you mean?"
310,k0p9he8,t1_k0p902l,2023-09-15 14:27:22 UTC,lostthering,Using AI in schools,2,1,Hope you didn't misidentify any autistic kids by mistake. I wrote brilliant papers I couldn't articulate in person.
311,k0osix2,t1_k0os5dm,2023-09-15 12:29:31 UTC,Plantarbre,Using AI in schools,-1,0,"I'm sorry you didn't have a good experience with the learning environment in your school/country.

Studying can take many forms. Skipping work is not sadly. Using chatGPT to learn more about the class in a way that will teach you what you expected ? Why not ! As long as you put in the work."
312,k0oz58v,t1_k0oy2zh,2023-09-15 13:18:37 UTC,Plantarbre,Using AI in schools,0,1,"And I use it everyday too, and I'm a mathematician.

But there's a difference between using it for work, and using it to skip studying.

Would you show up on a motorcycle at a marathon event and say ""These idiots are running but I'm smarter than them"" ? Studying, even if it's not always done very well (for sure), is meant to teach YOU. It doesn't matter that the teacher is content or not with your work, you are the end result. Skipping this is shooting yourself in the foot."
313,k0pa0uq,t1_k0p9he8,2023-09-15 14:30:46 UTC,,Using AI in schools,1,0,Hope not.  I have PSTD from reading shit papers.  I'm literally feeling anxiety right now.
314,k0p08ys,t1_k0oz58v,2023-09-15 13:26:15 UTC,tendadsnokids,Using AI in schools,1,1,"Listen, I'm a teacher at a remedial school for kids that can't read. I completely understand the importance of kids doing work. The point of this video is that it's on teachers to find ways to work with generative AI because, even in it's early stages, it is making writing skills less valuable by the day.

If you went to school to be an accountant it would be ludicrous to pretend like excel doesn't exist."
315,k0p0oni,t1_k0p08ys,2023-09-15 13:29:17 UTC,Plantarbre,Using AI in schools,1,1,"Sure, but even if these comments are all buried and we're getting deep, keep in mind that my entire point is :

If you take shortcuts instead of learning, then you never learn.

Would you be okay with me claiming it's not necessary to know how to read, just use an AI to make a text-to-voice translation for you ?"
316,k0po0w3,t1_k0p0oni,2023-09-15 15:56:05 UTC,tendadsnokids,Using AI in schools,1,0,"There is a difference between being able to functionally read/write and using generative AI to lighten the proverbial load. 

I wouldn't tell a first grade teacher to start teaching LLMs instead of literacy skills, but if you're in college you should be learning how to maximize output and productivity in a way that is acceptable in the workforce. 

Right now AI just plain isn't good enough to get you to ace your college classes by itself. But when it gets there (which will be within a few years at most), there needs to be a proper examination on what skills we value and which skills just don't make sense teaching anymore. We can both agree that taking short cuts hurts the learning goal, but if the learning goal isn't particularly important to begin with then what's the point of practicing that skill to begin with. 

I think a lot about the Dewey decimal system that I learned in elementary school. We were taught it because it was an essential skill for research when you had to go to a physical library to write research papers. Once computers became so mainstream it was functionally useless. 

I know I'm getting away from your point but if teachers are making you practice doing something that can be done proficiently with a chatbot then it's a problem with the curriculum."
